label,name,coco.label,coco.name,object365.label,object365.name,openimages.label,openimages.name,oid600.label,oid600.name
0,accordion,,,,,432,Accordion,585,Accordion
1,adhesive tape,,,219,tape,411,Adhesive tape,245,Adhesive tape
2,air conditioner,,,101,air conditioner,,,,
3,airplane,4,airplane,108,airplane,314,Airplane,466,Airplane
4,alarm clock,,,,,351,Alarm clock,276,Alarm clock
5,alpaca,,,,,465,Alpaca,591,Alpaca
6,ambulance,,,355,ambulance,83,Ambulance,4,Ambulance
7,american football,,,181,american football,90,Football,3,Football
8,ant,,,,,225,Ant,568,Ant
9,antelope,,,287,antelope,40,Antelope,480,Antelope
10,apple,47,apple,67,apple,475,Apple,12,Apple
11,arm,,,,,458,Human arm,501,Human arm
12,artichoke,,,,,237,Artichoke,278,Artichoke
13,avocado,,,252,avocado,,,,
14,awning,,,,,,,,
15,backpack,24,backpack,37,backpack,494,Backpack,37,Backpack
16,bagel,,,,,473,Bagel,64,Bagel
17,ball,32,sports ball,,,426,Ball,36,Ball
18,balloon,,,100,balloon,116,Balloon,78,Balloon
19,banana,46,banana,107,banana,94,Banana,437,Banana
20,banner,,,,,,,,
21,baozi,,,333,baozi,,,,
22,bar soap,,,222,bar soap,,,,
23,barbell,,,331,barbell,,,,
24,barge,,,,,450,Barge,52,Barge
25,barrel,,,44,barrel/bucket,272,Barrel,204,Barrel
26,baseball,,,169,baseball,,,,
27,baseball bat,34,baseball bat,139,baseball bat,409,Baseball bat,233,Baseball bat
28,baseball glove,35,baseball glove,115,baseball glove,355,Baseball glove,234,Baseball glove
29,basket,,,41,basket,,,,
30,basketball,,,182,basketball,,,,
31,bat,,,,,345,Bat,73,Bat (Animal)
32,bathroom cabinet,,,,,477,Bathroom cabinet,303,Bathroom cabinet
33,bathtub,,,175,bathtub,106,Bathtub,229,Bathtub
34,beaker,,,,,102,Beaker,481,Beaker
35,bear,21,bear,258,bear,53,Bear,57,Bear
36,beard,,,,,364,Human beard,19,Human beard
37,bed,59,bed,49,bed,31,Bed,256,Bed
38,bee,,,,,98,Bee,72,Bee
39,beehive,,,,,110,Beehive,70,Beehive
40,beer,,,,,192,Beer,17,Beer
41,bell pepper,,,,,179,Bell pepper,560,Bell pepper
42,belt,,,39,belt,142,Belt,32,Belt
43,bench,13,bench,26,bench,71,Bench,474,Bench
44,bicycle,1,bicycle,58,bicycle,130,Bicycle,38,Bicycle
45,bicycle helmet,,,,,312,Bicycle helmet,248,Bicycle helmet
46,bicycle wheel,,,,,498,Bicycle wheel,51,Bicycle wheel
47,bicyclist,,,,,,,,
48,bidet,,,,,278,Bidet,108,Bidet
49,bike rack,,,,,,,,
50,billboard,,,,,129,Billboard,85,Billboard
51,billiard ball,,,186,billiards,,,,
52,billiard table,,,,,46,Billiard table,295,Billiard table
53,binoculars,,,323,binoculars,96,Binoculars,582,Binoculars
54,bird,14,bird,73,wild bird,229,Bird,20,Bird
55,blender,,,204,blender,45,Blender,179,Blender
56,blue jay,,,,,114,Blue jay,62,Blue jay
57,board eraser,,,275,board eraser,,,,
58,boat,8,boat,32,boat,155,Boat,41,Boat
59,book,73,book,14,book,121,Book,445,Book
60,bookcase,,,,,68,Bookcase,267,Bookcase
61,boot,,,28,boots,217,Boot,43,Boot
62,bottle,39,bottle,5,bottle,464,Bottle,284,Bottle
63,bow and arrow,,,,,414,Bow and arrow,68,Bow and arrow
64,bow tie,,,171,bow tie,,,,
65,bowl,45,bowl,29,bowl,37,Bowl,235|291,Mixing bowl|Bowl
66,box,,,24,storage box,275,Box,134,Box
67,boy,,,,,418,Boy,49,Boy
68,bracelet,,,21,bracelet,,,,
69,brassiere,,,,,476,Brassiere,71,Brassiere
70,bread,,,59|332,bread|bread/bun,28,Bread,312|418,Baked goods|Bread
71,briefcase,,,,,412,Briefcase,322,Briefcase
72,broccoli,50,broccoli,135,broccoli,50,Broccoli,554,Broccoli
73,bronze sculpture,,,,,48,Bronze sculpture,121,Bronze sculpture
74,broom,,,268,broom,,,,
75,brown bear,,,,,241,Brown bear,60,Brown bear
76,brush,,,238,brush,,,,
77,bull,,,,,424,Bull,469,Bull
78,burrito,,,,,211,Burrito,76,Burrito
79,bus,5,bus,85,bus,168,Bus,48,Bus
80,bust,,,,,269,Bust,305,Bust
81,butterfly,,,297,butterfly,19,Butterfly,477,Butterfly
82,cabbage,,,225,cabbage,335,Cabbage,509,Cabbage
83,cabinetry,,,6,cabinet/shelf,482,Cabinetry,105,Cabinetry
84,cake,55,cake,71,cake,25,Cake,518,Cake
85,cake stand,,,,,322,Cake stand,544,Cake stand
86,calculator,,,295,calculator,,,131,Calculator
87,camel,,,281,camel,425,Camel,116,Camel
88,camera,,,68,camera,5,Camera,497,Camera
89,canary,,,,,315,Canary,455,Canary
90,candle,,,69,candle,158,Candle,448,Candle
91,candy,,,165,candy,323,Candy,528,Candy
92,cannon,,,,,27,Cannon,125,Cannon
93,canoe,,,,,149,Canoe,593,Canoe
94,cantaloupe,,,279,hamimelon,,,575,Cantaloupe
95,car,2,car,8,car,63,Car,569,Car
96,caravan,,,,,,,,
97,carrot,51,carrot,159,carrot,248,Carrot,510,Carrot
98,cart,,,,,208,Cart,35,Cart
99,castle,,,,,251,Castle,485,Castle
100,cat,15,cat,146,cat,258,Cat,120,Cat
101,catch basin,,,,,,,,
102,caterpillar,,,,,390,Caterpillar,476,Caterpillar
103,cattle,,,,,9,Cattle,113,Cattle
104,ceiling fan,,,,,253,Ceiling fan,243,Ceiling fan
105,cello,,,232,cello,423,Cello,114,Cello
106,centipede,,,,,469,Centipede,40,Centipede
107,chainsaw,,,361,chainsaw,,,77,Chainsaw
108,chair,56,chair,2,chair,99,Chair,95,Chair
109,cheese,,,299,cheese,,,98,Cheese
110,cheetah,,,,,443,Cheetah,456,Cheetah
111,cherry,,,260,cherry,,,,
112,chest of drawers,,,,,343,Chest of drawers,328,Chest of drawers
113,chicken,,,216,chicken,112,Chicken,420,Chicken
114,chopstick,,,195,chopsticks,175,Chopsticks,18,Chopsticks
115,christmas tree,,,,,84,Christmas tree,136,Christmas tree
116,cleaning products,,,126,cleaning products,,,,
117,clock,74,clock,82,clock,250,Clock,111,Clock
118,coat,,,,,126,Coat,117,Coat
119,cocktail,,,,,396,Cocktail,132,Cocktail
120,coconut,,,292,coconut,380,Coconut,491,Coconut
121,coffee,,,,,451,Coffee,187,Coffee
122,coffee cup,,,,,186,Coffee cup,177,Coffee cup
123,coffee table,,,45,coffee table,382,Coffee table,376,Coffee table
124,coffeemaker,,,174,coffee machine,65,Coffeemaker,400,Coffeemaker
125,coin,,,,,161,Coin,130,Coin
126,comb,,,340,comb,,,,
127,compact disc,,,246,CD,,,,
128,computer keyboard,66,keyboard,93,keyboard,479,Computer keyboard,92,Computer keyboard
129,computer monitor,,,,,296,Computer monitor,133,Computer monitor
130,computer mouse,,,,,449,Computer mouse,126,Computer mouse
131,construction vehicle,,,120,machinery vehicle,,,,
132,convenience store,,,,,301,Convenience store,472,Convenience store
133,cookie,,,162,cookies,207,Cookie,127,Cookie
134,corded phone,,,,,245,Corded phone,537,Corded phone
135,corn,,,264,corn,,,,
136,cosmetic,,,,,,,,
137,cosmetics mirror,,,,,,,,
138,couch,57,couch,38,couch,422|461,Couch|Loveseat,152|366,Couch|Loveseat
139,countertop,,,,,189,Countertop,440,Countertop
140,cow,19,cow,80,cow,,,,
141,cowboy hat,,,,,387,Cowboy hat,137,Cowboy hat
142,crab,,,329,crab,232,Crab,587,Crab
143,crane,,,229,crane,,,,
144,cricket ball,,,,,378,Cricket ball,153,Cricket ball
145,crocodile,,,,,8,Crocodile,427,Crocodile
146,croissant,,,,,157,Croissant,23,Croissant
147,crosswalk sign,,,305,crosswalk sign,,,,
148,crown,,,,,440,Crown,588,Crown
149,crutch,,,,,311,Crutch,314,Crutch
150,cucumber,,,202,cucumber,115,Cucumber,24,Cucumber
151,cue,,,256,cue,,,,
152,cup,41,cup,7,cup,,,,
153,cupboard,,,,,111,Cupboard,343,Cupboard
154,curling stone,,,,,,,,
155,curtain,,,,,305,Curtain,255,Curtain
156,cutting board,,,163,cutting/chopping board,47,Cutting board,178,Cutting board
157,cymbal,,,102,cymbal,,,,
158,dagger,,,,,347,Dagger,164,Dagger
159,deer,,,211,deer,405,Deer,435,Deer
160,desk,,,11,desk,310,Desk,119,Desk
161,desktop computer,,,131,computer box,,,,
162,dessert,,,,,97,Dessert,109|141,Snack|Dessert
163,dice,,,,,334,Dice,148,Dice
164,digital clock,,,,,176,Digital clock,346,Digital clock
165,dining table,60,dining table,30,dining table,,,,
166,dinosaur,,,,,362,Dinosaur,150,Dinosaur
167,dishwasher,,,,,,,576,Dishwasher
168,dog,16,dog,97,dog,488,Dog,444,Dog
169,dog bed,,,,,191,Dog bed,543,Dog bed
170,doll,,,,,381,Doll,27,Doll
171,dolphin,,,310,dolphin,487,Dolphin,166,Dolphin
172,donkey,,,313,donkey,,,,
173,donut,54,donut,125,donut,342,Doughnut,564,Doughnut
174,door,,,,,173,Door,158,Door
175,door handle,,,,,131,Door handle,227,Door handle
176,dragonfly,,,,,38,Dragonfly,519,Dragonfly
177,drawer,,,,,331,Drawer,515,Drawer
178,dress,,,,,55,Dress,56,Dress
179,drinking straw,,,,,222,Drinking straw,260,Drinking straw
180,drum,,,83,drum,224,Drum,140,Drum
181,duck,,,150,duck,427,Duck,424,Duck
182,dumbbell,,,278,dumbbell,260,Dumbbell,289,Dumbbell
183,dumpling,,,,,,,,
184,durian,,,351,durian,,,,
185,eagle,,,349,eagle,85,Eagle,421,Eagle
186,ear,,,,,226,Human ear,222,Human ear
187,earbud,,,241,earphone,,,,
188,earring,,,,,304,Earrings,102,Earrings
189,egg,,,212,egg,210,Egg,215,Egg (Food)
190,eggplant,,,272,eggplant,,,,
191,electric drill,,,314,electric drill,,,55,Drill (Tool)
192,electric fan,,,96,fan,132,Mechanical fan,198,Mechanical fan
193,elephant,20,elephant,132,elephant,270,Elephant,446,Elephant
194,envelope,,,,,410,Envelope,517,Envelope
195,eraser,,,341,eraser,,,161,Eraser
196,exhaust hood,,,,,,,,
197,extension cord,,,192,extension cord,,,,
198,eye,,,,,492,Human eye,13,Human eye
199,eyeglasses,,,9,glasses,140,Glasses,565,Glasses
200,eyeliner pencil,,,,,,,,
201,face,,,,,279,Human face,500,Human face
202,falcon,,,,,285,Falcon,505,Falcon
203,fedora,,,,,61,Fedora,162,Fedora
204,fig,,,,,453,Common fig,271,Common fig
205,filing cabinet,,,,,320,Filing cabinet,277,Filing cabinet
206,fire extinguisher,,,191,fire extinguisher,,,,
207,fire hydrant,10,fire hydrant,187,fire hydrant,491,Fire hydrant,100,Fire hydrant
208,fire truck,,,230,fire truck,,,,
209,fireplace,,,,,118,Fireplace,258,Fireplace
210,fish,,,66,fish,302,Fish,461,Fish
211,fishing rod,,,259,fishing rod,,,,
212,flag,,,33,flag,2,Flag,209,Flag
213,flashlight,,,364,flashlight,3,Flashlight,84,Flashlight
214,flask,,,,,,,,
215,flower,,,22,flower,73,Flower,454,Flower
216,flowerpot,,,,,101,Flowerpot,513,Flowerpot
217,flute,,,318,flute,18,Flute,577,Flute
218,folder,,,168,folder,,,,
219,food processor,,,,,66,Food processor,266,Food processor
220,foot,,,,,349,Human foot,212,Human foot
221,football helmet,,,,,336,Football helmet,397,Football helmet
222,fork,42,fork,84,fork,243,Fork,495,Fork
223,fountain,,,,,228,Fountain,129,Fountain
224,fox,,,,,300,Fox,208,Fox
225,french fries,,,250,french fries,330,French fries,202,French fries
226,french horn,,,354,french horn,297,Horn,210,French horn
227,frisbee,29,frisbee,198,frisbee,,,,
228,frog,,,,,277,Frog,436,Frog
229,frying pan,,,,,76,Frying pan,301,Frying pan
230,game board,,,352,game board,,,,
231,garden asparagus,,,356,asparagus,254,Asparagus,463,Garden Asparagus
232,garlic,,,249,garlic,,,,
233,gas stove,,,134,gas stove,206,Gas stove,196,Gas stove
234,giraffe,23,giraffe,152,giraffe,145,Giraffe,225,Giraffe
235,girl,,,,,360,Girl,331,Girl
236,globe,,,267,globe,,,,
237,glove,,,19,glove,7,Glove,30,Glove
238,goat,,,,,212,Goat,232,Goat
239,goggles,,,,,388,Goggles,174,Goggles
240,goldfish,,,283,goldfish,328,Goldfish,230,Goldfish
241,golf ball,,,227,golf ball,194,Golf ball,274,Golf ball
242,golf cart,,,,,59,Golf cart,213,Golf cart
243,golf club,,,201,golf club,,,,
244,gondola,,,,,340,Gondola,123,Gondola
245,goose,,,188,goose,183,Goose,487,Goose
246,grape,,,178,grapes,306,Grape,221,Grape
247,grapefruit,,,,,123,Grapefruit,557,Grapefruit
248,green beans,,,237,green beans,,,,
249,green onion,,,308,green onion,,,,
250,ground animal,,,,,,,,
251,guacamole,,,,,11,Guacamole,163,Guacamole
252,guitar,,,90,guitar,57,Guitar,217,Guitar
253,hair,,,,,240,Human hair,251,Human hair
254,hair dryer,78,hair drier,307,hair drier,,,262,Hair dryer
255,hamburger,,,200,hamburger,400,Hamburger,458,Hamburger
256,hammer,,,271,hammer,,,242,Hammer
257,hamster,,,,,32,Hamster,254,Hamster
258,hand,,,,,353,Human hand,571,Human hand
259,handbag,26,handbag,12,handbag,80,Handbag,403,Handbag
260,handcart,,,112,trolley,,,,
261,handgun,,,144,gun,287,Handgun,531,Handgun
262,hanger,,,86,hanger,,,,
263,harbor seal,,,,,180,Harbor seal,171,Harbor seal
264,harp,,,,,105,Harp,246,Harp
265,harpsichord,,,,,166,Harpsichord,250,Harpsichord
266,hat,,,3,hat,33,Hat,159,Hat
267,head,,,,,92,Human head,290,Human head
268,headphone,,,123,head phone,227,Headphones,44,Headphones
269,helicopter,,,236,helicopter,184,Helicopter,422,Helicopter
270,helmet,,,16,helmet,199,Helmet,599,Helmet
271,high heels,,,60,high heels,268,High heels,353,High heels
272,hockey stick,,,,,,,,
273,honeycomb,,,,,341,Honeycomb,522,Honeycomb
274,horse,17,horse,65,horse,308,Horse,240,Horse
275,horse carriage,,,239,carriage,,,,
276,hot air balloon,,,360,hotair balloon,,,,
277,hot dog,52,hot dog,207,hot dog,188,Hot dog,45,Hot dog
278,house,,,,,10,House,239,House
279,hoverboard,,,357,hoverboard,,,,
280,hurdle,,,243,hurdle,,,,
281,ice cream,,,218,ice cream,283,Ice cream,475,Ice cream
282,induction stove,,,,,,,,
283,infant bed,,,,,0,Infant bed,340,Infant bed
284,jacket,,,,,417,Jacket,214,Jacket
285,jaguar,,,,,255,Jaguar,273,Jaguar (Animal)
286,jeans,,,,,230,Jeans,512,Jeans
287,jellyfish,,,293,jellyfish,24,Jellyfish,486,Jellyfish
288,jet ski,,,,,238,Jet ski,115,Jet ski
289,jug,,,,,489,Jug,413,Jug
290,juice,,,,,171,Juice,122,Juice
291,junction box,,,,,,,,
292,kangaroo,,,,,457,Kangaroo,281,Kangaroo
293,kettle,,,199,kettle,466,Kettle,257,Kettle
294,key,,,265,key,,,,
295,kitchen or dining room table,,,,,87,Kitchen & dining room table,542,Kitchen & dining room table
296,kitchen knife,,,,,213,Kitchen knife,323,Kitchen knife
297,kite,33,kite,130,kite,117,Kite,205,Kite
298,kiwi fruit,,,257,kiwi fruit,,,,
299,knife,43,knife,75,knife,79,Knife,283,Knife
300,ladder,,,179,ladder,200,Ladder,5,Ladder
301,ladybug,,,,,15,Ladybug,525,Ladybug
302,lamp,,,4,lamp,439,Lamp,496,Lamp
303,land vehicle,,,,,344,Land vehicle,101,Land vehicle
304,lantern,,,124,lantern,119,Lantern,82,Lantern
305,laptop,63,laptop,74,laptop,81,Laptop,53,Laptop
306,lavender,,,,,384,Lavender,287,Lavender (Plant)
307,leather shoes,,,17,leather shoes,,,,
308,leg,,,,,154,Human leg,219,Human leg
309,lemon,,,147,lemon,265,Lemon,433,Lemon
310,leopard,,,,,178,Leopard,449,Leopard
311,lettuce,,,282,lettuce,,,,
312,license plate,,,,,13,Vehicle registration plate,81,Vehicle registration plate
313,lifesaver,,,145,life saver,,,,
314,light bulb,,,,,292,Light bulb,536,Light bulb
315,light switch,,,,,401,Light switch,238,Light switch
316,lighter,,,337,lighter,,,,
317,lighthouse,,,,,64,Lighthouse,288,Lighthouse
318,lily,,,,,318,Lily,562,Lily
319,limousine,,,,,86,Limousine,87,Limousine
320,lion,,,334,lion,146,Lion,417,Lion
321,lipstick,,,,,,,350,Lipstick
322,lizard,,,,,289,Lizard,294,Lizard
323,lobster,,,362,lobster,244,Lobster,462,Lobster
324,loudspeaker,,,34,speaker,,,,
325,luggage or bags,,,109,luggage,309,Luggage and bags,552,Luggage and bags
326,lynx,,,,,216,Lynx,286,Lynx
327,mailbox,,,,,,,,
328,man,,,,,113,Man,306,Man
329,mango,,,210,mango,446,Mango,511,Mango
330,manhole,,,,,,,,
331,maple,,,,,386,Maple,459,Maple
332,marker,,,214,marker,,,,
333,mask,,,193,facial mask,,,,
334,measuring cup,,,319,measuring cup,459,Measuring cup,399,Measuring cup
335,meatball,,,284,meat balls,,,,
336,medal,,,285,medal,,,,
337,megaphone,,,,,,,,
338,microphone,,,52,microphone,233,Microphone,553,Microphone
339,microwave,68,microwave,140,microwave,187,Microwave oven,521,Microwave oven
340,miniskirt,,,,,358,Miniskirt,54,Miniskirt
341,mirror,,,56,mirror,52,Mirror,316,Mirror
342,missile,,,,,120,Missile,304,Missile
343,mixer,,,,,95,Mixer,342,Mixer
344,mobile phone,67,cell phone,77,cell phone,261,Mobile phone,311,Mobile phone
345,monkey,,,350,monkey,346,Monkey,416,Monkey
346,mop,,,328,mop,,,,
347,motorcycle,3,motorcycle,72,motorcycle,431,Motorcycle,298,Motorcycle
348,motorcyclist,,,,,,,,
349,mouse,64,mouse,103,mouse,325,Mouse,297,Mouse
350,mouth,,,,,170,Human mouth,146,Human mouth
351,muffin,,,,,294,Muffin,107,Muffin
352,mug,,,,,350,Mug,169,Mug
353,mule,,,,,377,Mule,488,Mule
354,mushroom,,,294,mushroom,399,Mushroom,313,Mushroom
355,musical keyboard,,,,,406,Musical keyboard,320,Musical keyboard
356,nail,,,,,436,Nail,324,Nail (Construction)
357,napkin,,,42,towel/napkin,,,,
358,necklace,,,55,necklace,72,Necklace,88,Necklace
359,nightstand,,,87,nightstand,485,Nightstand,203,Nightstand
360,noodle,,,326,noodles,,,,
361,nose,,,,,16,Human nose,566,Human nose
362,nut,,,263,nuts,,,,
363,oboe,,,,,444,Oboe,327,Oboe
364,office building,,,,,201,Office building,128,Office building
365,okra,,,347,okra,,,,
366,onion,,,217,onion,,,,
367,orange,49,orange,106,orange,125,Orange,479,Orange
368,organ,,,,,393,Organ,10,Organ (Musical Instrument)
369,ostrich,,,,,286,Ostrich,329,Ostrich
370,otter,,,,,420,Otter,468,Otter
371,oven,69,oven,113,oven,448,Oven,149,Oven
372,owl,,,,,433,Owl,423,Owl
373,oyster,,,,,103,Oyster,470,Oyster
374,paddle,,,78,paddle,413,Paddle,15,Paddle
375,paintbrush,,,184,paint brush,,,,
376,palm tree,,,,,196,Palm tree,457,Palm tree
377,pancake,,,,,159,Pancake,59,Pancake
378,papaya,,,306,papaya,,,,
379,paper,,,233,notepaper,,,,
380,paper towel,,,116,paper towel,496,Paper towel,189,Paper towel
381,parachute,,,,,402,Parachute,478,Parachute
382,parking meter,12,parking meter,247,parking meter,,,21,Parking meter
383,parrot,,,317,parrot,135,Parrot,530,Parrot
384,party balloon,,,,,,,,
385,pasta,,,358,pasta,290,Pasta,336,Pasta
386,peach,,,231,peach,78,Peach,490,Peach
387,pear,,,180,pear,357,Pear,339,Pear
388,pen,,,51,pen/pencil,26,Pen,567,Pen
389,pencil case,,,344,pencil case,,,319,Pencil case
390,penguin,,,242,penguin,12,Penguin,337,Penguin
391,pepper,,,173,pepper,,,,
392,person,0,person,0,person,338,Person,67,Person
393,personal care,,,,,474,Personal care,190,Personal care
394,personal flotation device,,,,,497,Lifejacket,317,Personal flotation device
395,phone booth,,,,,,,,
396,piano,,,154,piano,441,Piano,330,Piano
397,pickup truck,,,105,pickup truck,,,,
398,picnic basket,,,,,333,Picnic basket,393,Picnic basket
399,picture frame,,,10,picture/frame,152,Picture frame,364,Picture frame
400,pie,,,197,pie,,,,
401,pig,,,300,pig,337,Pig,347,Pig
402,pigeon,,,172,pigeon,,,,
403,pillow,,,18,pillow,160,Pillow,218,Pillow
404,pineapple,,,228,pine apple,379,Pineapple,514,Pineapple
405,pitcher,,,,,264,Pitcher,315,Pitcher (Container)
406,pizza,53,pizza,129,pizza,419,Pizza,345,Pizza
407,plain crosswalk,,,,,,,,
408,plastic bag,,,,,397,Plastic bag,326,Plastic bag
409,plate,,,15,plate,472,Plate,310,Plate
410,platter,,,,,218,Platter,419,Platter
411,playing card,,,322,poker card,,,,
412,pliers,,,269,pliers,,,,
413,plum,,,221,plum,,,,
414,polar bear,,,336,polar bear,88,Polar bear,341,Polar bear
415,pole,,,,,,,,
416,pomegranate,,,291,pomegranate,204,Pomegranate,563,Pomegranate
417,popcorn,,,,,468,Popcorn,75,Popcorn
418,porch,,,,,363,Porch,293,Porch
419,porcupine,,,,,434,Porcupine,453,Porcupine
420,poster,,,,,391,Poster,97,Poster
421,pot,,,88,pot/pan,,,,
422,potato,,,183,potato,495,Potato,333,Potato
423,potato chip,,,309,chips,,,,
424,potted plant,58,potted plant,20,potted plant,280,Houseplant,231,Houseplant
425,power brick,,,157,converter,,,,
426,power outlet,,,81,power outlet,,,,
427,power plugs and sockets,,,,,44,Power plugs and sockets,223,Power plugs and sockets
428,pressure cooker,,,,,352,Pressure cooker,548,Pressure cooker
429,pretzel,,,,,295,Pretzel,63,Pretzel
430,printer,,,185,printer,153,Printer,93,Printer
431,projector,,,189,projector,,,,
432,pumpkin,,,153,pumpkin,274,Pumpkin,338,Pumpkin
433,punching bag,,,,,127,Punching bag,270,Punching bag
434,purse,,,,,,,,
435,rabbit,,,353,rabbit,486,Rabbit,356,Rabbit
436,raccoon,,,,,21,Raccoon,493,Raccoon
437,race car,,,302,race car,,,,
438,radiator,,,156,radiator,,,,
439,radish,,,325,radish,74,Radish,25,Radish
440,raven,,,,,209,Raven,352,Raven
441,recorder,,,,,,,,
442,red cabbage,,,335,red cabbage,,,,
443,refrigerator,72,refrigerator,117,refrigerator,329,Refrigerator,268,Refrigerator
444,remote,65,remote,114,remote,,,594,Remote control
445,rhinoceros,,,,,109,Rhinoceros,228,Rhinoceros
446,rice,,,276,rice,,,,
447,rice cooker,,,303,rice cooker,,,,
448,rickshaw,,,289,rickshaw,,,,
449,rider,,,,,,,,
450,rifle,,,,,259,Rifle,349,Rifle
451,ring,,,61,ring,,,,
452,ring binder,,,,,133,Ring binder,309,Ring binder
453,rocket,,,,,392,Rocket,438,Rocket
454,roll of tobacco,,,,,,,,
455,roller skates,,,,,361,Roller skates,176,Roller skates
456,rose,,,,,1,Rose,355,Rose
457,router,,,226,router/modem,,,,
458,rug,,,40,carpet,,,,
459,rugby ball,,,,,389,Rugby ball,596,Rugby ball
460,ruler,,,277,tape measure/ruler,198,Ruler,551,Ruler
461,sailboat,,,127,sailboat,,,,
462,salad,,,,,454,Salad,529,Salad
463,salt or pepper shakers,,,,,215,Salt and pepper shakers,197,Salt and pepper shakers
464,sandal,,,53,sandals,163,Sandal,247,Sandal
465,sandwich,48,sandwich,255,sandwich,299,Sandwich,579,Sandwich
466,saucer,,,,,247,Saucer,249,Saucer
467,sausage,,,190,sausage,,,,
468,saxophone,,,253,saxophone,394,Saxophone,358,Saxophone
469,scale,,,223,scale,,,259,Scale
470,scallop,,,343,scallop,,,,
471,scarf,,,,,271,Scarf,165,Scarf
472,scissors,76,scissors,167,scissors,437,Scissors,90,Scissors
473,scooter,,,,,,,,
474,scoreboard,,,,,408,Scoreboard,321,Scoreboard
475,screwdriver,,,266,screwdriver,366,Screwdriver,50,Screwdriver
476,sea lion,,,,,372,Sea lion,524,Sea lion
477,sea turtle,,,,,4,Sea turtle,2,Sea turtle
478,seahorse,,,,,141,Seahorse,589,Seahorse
479,seal,,,338,seal,,,,
480,seat belt,,,,,185,Seat belt,492,Seat belt
481,segway,,,,,22,Segway,373,Segway
482,serving tray,,,,,190,Serving tray,541,Serving tray
483,sewing machine,,,,,182,Sewing machine,581,Sewing machine
484,shark,,,320,shark,282,Shark,447,Shark
485,sheep,18,sheep,89,sheep,416,Sheep,378,Sheep
486,shelf,,,,,151,Shelf,526,Shelf
487,ship,,,215,ship,,,,
488,shirt,,,,,429,Shirt,96,Shirt
489,shoes,,,,,,,,
490,shorts,,,,,339,Shorts,46,Shorts
491,shotgun,,,,,139,Shotgun,359,Shotgun
492,shovel,,,138,shovel,,,,
493,showerhead,,,,,263,Shower,160,Shower
494,shrimp,,,288,shrimp,385,Shrimp,580,Shrimp
495,side table,,,,,,,,
496,sink,71,sink,64,sink,324,Sink,8,Sink
497,skateboard,36,skateboard,141,skateboard,214,Skateboard,351,Skateboard
498,ski,30,skis,110,skis,219,Ski,367,Ski
499,ski boot,,,166,skating and skiing shoes,,,,
500,skull,,,,,172,Skull,28,Skull
501,skyscraper,,,,,493,Skyscraper,377,Skyscraper
502,slide,,,206,slide,,,,
503,slippers,,,43,slippers,,,,
504,slow cooker,,,,,156,Slow cooker,185,Slow cooker
505,snail,,,,,460,Snail,507,Snail
506,snake,,,,,181,Snake,375,Snake
507,sneakers,,,1,sneakers,,,,
508,snowboard,31,snowboard,176,snowboard,452,Snowboard,362,Snowboard
509,snowman,,,,,383,Snowman,16,Snowman
510,snowmobile,,,,,291,Snowmobile,110,Snowmobile
511,snowplow,,,,,235,Snowplow,302,Snowplow
512,soccer ball,,,111,soccer,,,,
513,sock,,,,,136,Sock,99,Sock
514,sofa bed,,,,,307,Sofa bed,244,Sofa bed
515,sombrero,,,,,35,Sombrero,167,Sombrero
516,sparrow,,,,,471,Sparrow,532,Sparrow
517,spatula,,,,,316,Spatula,155,Spatula
518,speed limit sign,,,,,,,,
519,spider,,,,,470,Spider,434,Spider
520,spoon,44,spoon,98,spoon,122,Spoon,467,Spoon
521,sports car,,,151,sports car,,,,
522,sports uniform,,,,,108,Sports uniform,538,Sports uniform
523,spring rolls,,,315,spring rolls,,,,
524,squirrel,,,,,124,Squirrel,368,Squirrel
525,stairs,,,,,165,Stairs,91,Stairs
526,stapler,,,280,stapler,,,135,Stapler
527,starfish,,,348,starfish,242,Starfish,74,Starfish
528,stationary bicycle,,,,,239,Stationary bicycle,241,Stationary bicycle
529,steak,,,321,steak,,,,
530,stool,,,36,stool,167,Stool,516,Stool
531,stop sign,11,stop sign,155,stop sign,93,Stop sign,181,Stop sign
532,strawberry,,,170,strawberry,367,Strawberry,387,Strawberry
533,streetlight,,,13,street lights,483,Street light,216,Street light
534,stretcher,,,,,162,Stretcher,172,Stretcher
535,striped crosswalk,,,,,,,,
536,stroller,,,137,stroller,,,,
537,studio couch,,,,,478,Studio couch,139,Studio couch
538,submarine sandwich,,,,,365,Submarine sandwich,361,Submarine sandwich
539,suit,,,,,462,Suit,118,Suit
540,suitcase,28,suitcase,177,suitcase,169,Suitcase,106,Suitcase
541,sun hat,,,,,435,Sun hat,192,Sun hat
542,sunflower,,,,,177,Sunflower,520,Common sunflower
543,sunglasses,,,,,193,Sunglasses,33,Sunglasses
544,surfboard,37,surfboard,142,surfboard,69,Surfboard,42,Surfboard
545,surveillance camera,,,143,surveillance camera,,,,
546,sushi,,,311,sushi,481,Sushi,365,Sushi
547,suv,,,46,suv,,,,
548,swan,,,248,swan,438,Swan,489,Swan
549,swim cap,,,,,284,Swim cap,300,Swim cap
550,swimming pool,,,,,221,Swimming pool,443,Swimming pool
551,swimwear,,,,,220,Swimwear,69,Swimwear
552,swing,,,244,swing,,,,
553,sword,,,,,356,Sword,363,Sword
554,table tennis ball,,,,,,,,
555,table tennis racket,,,346,table tennis paddle,480,Table tennis racket,318,Table tennis racket
556,tablet computer,,,261,tablet,202,Tablet computer,441,Tablet computer
557,taco,,,,,23,Taco,383,Taco
558,tank,,,,,430,Tank,382,Tank
559,tap,,,57,faucet,77,Tap,170,Tap
560,target,,,359,target,,,,
561,tart,,,298,egg tart,60,Tart,206,Tart
562,taxi,,,,,262,Taxi,592,Taxi
563,tea,,,,,374,Tea,381,Tea
564,teapot,,,92,tea pot,463,Teapot,66,Teapot
565,teddy bear,77,teddy bear,70,teddy bear,403,Teddy bear,573,Teddy bear
566,telephone,,,104,telephone,415,Telephone,384,Telephone
567,television set,62,tv,23,tv,231,Television,379,Television
568,tennis ball,,,194,tennis ball,375,Tennis ball,325,Tennis ball
569,tennis racket,38,tennis racket,164,tennis racket,252,Tennis racket,539,Tennis racket
570,tent,,,121,tent,82,Tent,80,Tent
571,tiara,,,,,36,Tiara,86,Tiara
572,tick,,,,,313,Tick,31,Tick
573,tie,27,tie,48,tie,150,Tie,103,Tie
574,tiger,,,,,51,Tiger,386,Tiger
575,tin can,,,54,canned,445,Tin can,168,Tin can
576,tire,,,,,147,Tire,550,Tire
577,tissue,,,158,tissue,,,,
578,toaster,70,toaster,235,toaster,34,Toaster,83,Toaster
579,toilet,61,toilet,136,toilet,499,Toilet,428,Toilet
580,toilet paper,,,,,203,Toilet paper,429,Toilet paper
581,tomato,,,119,tomato,276,Tomato,390,Tomato
582,tongs,,,205,tong,,,,
583,toothbrush,79,toothbrush,208,toothbrush,,,6,Toothbrush
584,torch,,,,,42,Torch,385,Torch
585,tortoise,,,316,tortoise/turtle,354,Tortoise,,
586,towel,,,,,484,Towel,26,Towel
587,tower,,,,,89,Tower,65,Tower
588,toy,,,47,toy,373,Toy,9,Toy
589,traffic cone,,,91,traffic cone,,,,
590,traffic light,9,traffic light,50,traffic light,395,Traffic light,22,Traffic light
591,traffic sign backside,,,,,,,,
592,traffic sign frame,,,,,,,,
593,traffic sign front,,,76,traffic sign,,,,
594,trailer,,,,,,,,
595,train,6,train,118,train,257,Train,391,Train
596,training bench,,,,,14,Training bench,374,Training bench
597,treadmill,,,296,treadmill,332,Treadmill,207,Treadmill
598,tricycle,,,234,tricycle,,,,
599,tripod,,,94,tripod,447,Tripod,369,Tripod
600,trombone,,,290,trombone,273,Trombone,380,Trombone
601,trophy,,,273,trophy,,,,
602,truck,7,truck,79,truck,67,Truck,398,Truck
603,trucking rig,,,,,,,,
604,trumpet,,,254,trumpet,197,Trumpet,388,Trumpet
605,tuba,,,304,tuba,,,,
606,turkey,,,,,267,Turkey,561,Turkey
607,umbrella,25,umbrella,31,umbrella,456,Umbrella,555,Umbrella
608,urinal,,,312,urinal,,,,
609,utility pole,,,,,,,,
610,van,,,62,van,281,Van,533,Van
611,vase,75,vase,25,vase,137,Vase,184,Vase
612,vegetable,,,262,green vegetables,41,Vegetable,502,Vegetable
613,video display,,,,,,,,
614,violin,,,213,violin,174,Violin,401,Violin
615,volleyball,,,270,volleyball,56,Volleyball,183,Volleyball (Ball)
616,waffle,,,,,195,Waffle,58,Waffle
617,wall clock,,,,,107,Wall clock,540,Wall clock
618,washing machine,,,160,washing machine,20,Washing machine,29,Washing machine
619,waste container,,,35,trash bin/can,376,Waste container,442,Waste container
620,watch,,,63,watch,317,Watch,527,Watch
621,watermelon,,,224,watermelon,17,Watermelon,574,Watermelon
622,whale,,,,,428,Whale,410,Whale
623,wheel,,,,,371,Wheel,407,Wheel
624,wheelchair,,,220,wheelchair,327,Wheelchair,595,Wheelchair
625,whiteboard,,,99,blackboard/whiteboard,288,Whiteboard,156,Whiteboard
626,willow,,,,,91,Willow,586,Willow
627,window,,,,,144,Window,483,Window
628,window blind,,,,,293,Window blind,211,Window blind
629,wine,,,,,326,Wine,405,Wine
630,wine glass,40,wine glass,27,wine glass,368,Wine glass,439,Wine glass
631,winter melon,,,,,404,Winter melon,154,Winter melon
632,wok,,,,,490,Wok,409,Wok
633,woman,,,,,164,Woman,226,Woman
634,wood-burning stove,,,,,100,Wood-burning stove,269,Wood-burning stove
635,woodpecker,,,,,104,Woodpecker,61,Woodpecker
636,wrench,,,,,223,Wrench,79,Wrench
637,yak,,,327,yak,,,,
638,zebra,22,zebra,149,zebra,128,Zebra,411,Zebra
639,zucchini,,,,,54,Zucchini,144,Zucchini
640,invertebrate,,,,,266,Invertebrate,265,Invertebrate
641,animal,,,,,6,Animal,559,Animal
642,kitchen appliance,,,,,319,Kitchen appliance,549,Kitchen appliance
643,plumbing fixture,,,,,407,Plumbing fixture,180,Plumbing fixture
644,vehicle,,,,,148,Vehicle,402,Vehicle
645,trousers,,,,,467,Trousers,395,Trousers
646,beetle,,,,,236,Beetle,124,Beetle
647,home appliance,,,,,234,Home appliance,39,Home appliance
648,drink,,,,,246,Drink,143,Drink
649,sculpture,,,,,442,Sculpture,357,Sculpture
650,reptile,,,,,58,Reptile,348,Reptile
651,skirt,,,,,205,Skirt,195,Skirt
652,tree,,,,,29,Tree,389,Tree
653,racket,,,,,370,Racket,499,Racket
654,moths or butterflies,,,,,39,Moths and butterflies,482,Moths and butterflies
655,table,,,,,134,Table,279,Table
656,marine mammal,,,,,75,Marine mammal,523,Marine mammal
657,squash,,,,,398,Squash,498,Squash (Plant)
658,tableware,,,,,348,Tableware,280,Tableware
659,watercraft,,,,,143,Watercraft,104,Watercraft
660,furniture,,,,,298,Furniture,464,Furniture
661,marine invertebrates,,,,,455,Marine invertebrates,236,Marine invertebrates
662,fruit,,,,,303,Fruit,201,Fruit
663,carnivore,,,,,62,Carnivore,89,Carnivore
664,building,,,,,43,Building,460,Building
665,insect,,,,,249,Insect,261,Insect
666,turtle,,,,,49,Turtle,425,Turtle
667,seafood,,,,,369,Seafood,360,Seafood
668,traffic sign,,,,,359,Traffic sign,94,Traffic sign
669,aircraft,,,,,321,Aircraft,570,Aircraft
670,musical instrument,,,,,256,Musical instrument,299,Musical instrument
671,shellfish,,,,,30,Shellfish,508,Shellfish
672,weapon,,,,,138,Weapon,406,Weapon
673,office supplies,,,,,421,Office supplies,182,Office supplies
674,footwear,,,,,70,Footwear,432,Footwear
675,electronic stove or gas stove,,,196,electronic stove and gas stove,,,,
676,iron,,,363,iron,,,,
677,cigar,,,240,cigar,,,,
678,mangosteen,,,339,mangosteen,,,,
679,liquid soap,,,148,liquid soap,,,,
680,facial cleanser,,,209,facial cleanser,,,,
681,radio,,,245,radio,,,,
682,shampoo,,,122,shampoo/shower gel,,,,
683,microscope,,,330,microscope,,,,
684,vent,,,161,vent,,,,
685,saw,,,345,saw,,,,
686,pitaya,,,342,pitaya,,,,
687,clutch,,,203,clutch,,,,
688,llama,,,324,llama,,,,
689,toothpaste,,,286,toothpaste,,,,
690,dates,,,274,dates,,,,
691,horn,,,251,horn,,,,
692,pomelo,,,301,pomelo,,,,
693,toiletries,,,133,toiletries,,,,
694,tangerine,,,128,tangerine,,,,
695,hockey,,,95,hockey,,,,
696,diaper,,,,,,,503,Diaper
697,red panda,,,,,,,354,Red panda
698,milk,,,,,,,308,Milk
699,facial tissue holder,,,,,,,547,Facial tissue holder
700,kitchenware,,,,,,,263,Kitchenware
701,cooking spray,,,,,,,394,Cooking spray
702,chime,,,,,,,506,Chime
703,rays and skates,,,,,,,583,Rays and skates
704,horizontal bar,,,,,,,471,Horizontal bar
705,ladle,,,,,,,145,Ladle
706,unicycle,,,,,,,504,Unicycle
707,bottle opener,,,,,,,285,Bottle opener
708,bomb,,,,,,,473,Bomb
709,banjo,,,,,,,34,Banjo
710,kitchen utensil,,,,,,,237,Kitchen utensil
711,medical equipment,,,,,,,112,Medical equipment
712,waffle iron,,,,,,,307,Waffle iron
713,spice rack,,,,,,,535,Spice rack
714,stethoscope,,,,,,,370,Stethoscope
715,pastry,,,,,,,556,Pastry
716,koala,,,,,,,282,Koala
717,food,,,,,,,191,Food
718,tree house,,,,,,,193,Tree house
719,harmonica,,,,,,,253,Harmonica
720,paper cutter,,,,,,,404,Paper cutter
721,bowling equipment,,,,,,,396,Bowling equipment
722,flying disc,,,,,,,194,Flying disc
723,panda,,,,,,,224,Panda
724,armadillo,,,,,,,597,Armadillo
725,band-aid,,,,,,,558,Band-aid
726,squid,,,,,,,430,Squid
727,mammal,,,,,,,296,Mammal
728,cassette deck,,,,,,,11,Cassette deck
729,balance beam,,,,,,,578,Balance beam
730,hiking equipment,,,,,,,138,Hiking equipment
731,dairy product,,,,,,,147,Dairy Product
732,wardrobe,,,,,,,186,Wardrobe
733,cosmetics,,,,,,,14,Cosmetics
734,auto part,,,,,,,412,Auto part
735,jacuzzi,,,,,,,344,Jacuzzi
736,tool,,,,,,,392,Tool
737,soap dispenser,,,,,,,452,Soap dispenser
738,sports equipment,,,,,,,335,Sports equipment
739,clothing,,,,,,,431,Clothing
740,maracas,,,,,,,598,Maracas
741,plant,,,,,,,332,Plant
742,cocktail shaker,,,,,,,272,Cocktail shaker
743,humidifier,,,,,,,292,Humidifier
744,perfume,,,,,,,590,Perfume
745,fast food,,,,,,,47,Fast food
746,heater,,,,,,,252,Heater
747,pizza cutter,,,,,,,414,Pizza cutter
748,face powder,,,,,,,199,Face powder
749,ratchet,,,,,,,151,Ratchet (Device)
750,skunk,,,,,,,572,Skunk
751,ipod,,,,,,,584,Ipod
752,axe,,,,,,,450,Axe
753,cream,,,,,,,415,Cream
754,hippopotamus,,,,,,,426,Hippopotamus
755,magpie,,,,,,,1,Magpie
756,syringe,,,,,,,7,Syringe
757,hedgehog,,,,,,,465,Hedgehog
758,human body,,,,,,,175,Human body
759,fax,,,,,,,200,Fax
760,closet,,,,,,,484,Closet
761,bathroom accessory,,,,,,,546,Bathroom accessory
762,can opener,,,,,,,173,Can opener
763,wine rack,,,,,,,142,Wine rack
764,cat furniture,,,,,,,545,Cat furniture
765,fashion accessory,,,,,,,275,Fashion accessory
766,chisel,,,,,,,494,Chisel
767,indoor rower,,,,,,,264,Indoor rower
768,whisk,,,,,,,188,Whisk
769,container,,,,,,,0,Container
770,pencil sharpener,,,,,,,157,Pencil sharpener
771,worm,,,,,,,408,Worm
772,hair spray,,,,,,,334,Hair spray
773,isopod,,,,,,,220,Isopod
774,scorpion,,,,,,,372,Scorpion
775,grinder,,,,,,,534,Grinder
776,submarine,,,,,,,371,Submarine
777,hand dryer,,,,,,,451,Hand dryer
